,failure_reason
NCT00000305,Others
NCT00000809,Others
NCT00001108,Others
NCT00002947,Others
NCT00002948,Others
NCT00003005,safety
NCT00003009,poor enrollment
NCT00003060,poor enrollment
NCT00003147,Others
NCT00003167,Others
NCT00003194,poor enrollment
NCT00003382,safety
NCT00003434,Others
NCT00003435,Others
NCT00003567,poor enrollment
NCT00003625,safety
NCT00003980,efficacy
NCT00004058,poor enrollment
NCT00004239,poor enrollment
NCT00004261,poor enrollment
NCT00005030,poor enrollment
NCT00005067,Others
NCT00005787,Others
NCT00005808,Others
NCT00006046,poor enrollment
NCT00006099,poor enrollment
NCT00006126,poor enrollment
NCT00006222,Others
NCT00006773,Others
NCT00014131,Others
NCT00024687,Others
NCT00025532,Others
NCT00026377,Others
NCT00027911,Others
NCT00028561,Others
NCT00030381,Others
NCT00030693,Others
NCT00032032,Others
NCT00033449,Others
NCT00034554,Others
NCT00036855,Others
NCT00038194,safety
NCT00038922,Others
NCT00039091,Others
NCT00039455,Others
NCT00040534,safety
NCT00042796,Others
NCT00042835,Others
NCT00044837,Others
NCT00045604,efficacy
NCT00045838,Others
NCT00047762,safety
NCT00048100,poor enrollment
NCT00049088,Others
NCT00049582,Others
NCT00049608,Others
NCT00052884,poor enrollment
NCT00053950,Others
NCT00054405,Others
NCT00054834,poor enrollment
NCT00060112,Others
NCT00060294,poor enrollment
NCT00062127,poor enrollment
NCT00062335,poor enrollment
NCT00064636,Others
NCT00066625,Others
NCT00068185,Others
NCT00068302,poor enrollment
NCT00069069,Others
NCT00070239,Others
NCT00071942,Others
NCT00072137,Others
NCT00072228,Others
NCT00074139,poor enrollment
NCT00074750,poor enrollment
NCT00075673,Others
NCT00077493,Others
NCT00080028,Others
NCT00081211,Others
NCT00081887,poor enrollment
NCT00082225,Others
NCT00083603,Others
NCT00084591,safety
NCT00084890,poor enrollment
NCT00085878,Others
NCT00086970,Others
NCT00087009,poor enrollment
NCT00087451,poor enrollment
NCT00088023,safety
NCT00088647,Others
NCT00088790,safety
NCT00089089,Others
NCT00091611,poor enrollment
NCT00091845,poor enrollment
NCT00093704,poor enrollment
NCT00094978,Others
NCT00096304,poor enrollment
NCT00098488,Others
NCT00098917,Others
NCT00099346,Others
NCT00099723,safety
NCT00100347,Others
NCT00100971,poor enrollment
NCT00101907,Others
NCT00102622,Others
NCT00102635,poor enrollment
NCT00103272,Others
NCT00105170,Others
NCT00105313,safety
NCT00108186,poor enrollment
NCT00109109,Others
NCT00110032,Others
NCT00110526,poor enrollment
NCT00111683,Others
NCT00112619,poor enrollment
NCT00113048,Others
NCT00114257,Others
NCT00118300,Others
NCT00118456,safety
NCT00119184,poor enrollment
NCT00121745,poor enrollment
NCT00122408,Others
NCT00123942,safety
NCT00124644,safety
NCT00124865,Others
NCT00124917,safety
NCT00126646,Others
NCT00127101,poor enrollment
NCT00132158,poor enrollment
NCT00137358,Others
NCT00137865,Others
NCT00145886,poor enrollment
NCT00147485,safety
NCT00155402,Others
NCT00156299,Others
NCT00158886,efficacy
NCT00159510,poor enrollment
NCT00162097,Others
NCT00162214,poor enrollment
NCT00165373,Others
NCT00175591,Others
NCT00175604,poor enrollment
NCT00176241,poor enrollment
NCT00176475,poor enrollment
NCT00177411,safety
NCT00177853,Others
NCT00179699,Others
NCT00181220,Others
NCT00185874,Others
NCT00186927,Others
NCT00188487,Others
NCT00188656,poor enrollment
NCT00195156,Others
NCT00195312,Others
NCT00203593,Others
NCT00205049,Others
NCT00208117,poor enrollment
NCT00210340,poor enrollment
NCT00211406,Others
NCT00215527,poor enrollment
NCT00215956,efficacy
NCT00217308,poor enrollment
NCT00218049,Others
NCT00224354,Others
NCT00227032,Others
NCT00228345,Others
NCT00232362,Others
NCT00234000,poor enrollment
NCT00234481,poor enrollment
NCT00237783,poor enrollment
NCT00242645,Others
NCT00243763,Others
NCT00244218,Others
NCT00244257,poor enrollment
NCT00245115,Others
NCT00247403,Others
NCT00251433,Others
NCT00252213,poor enrollment
NCT00252434,poor enrollment
NCT00253318,efficacy
NCT00253721,poor enrollment
NCT00254618,poor enrollment
NCT00255333,Others
NCT00256334,poor enrollment
NCT00257738,poor enrollment
NCT00257881,Others
NCT00258258,poor enrollment
NCT00261001,Others
NCT00263302,Others
NCT00264472,Others
NCT00265005,poor enrollment
NCT00265408,poor enrollment
NCT00265603,poor enrollment
NCT00272025,Others
NCT00272870,poor enrollment
NCT00277758,poor enrollment
NCT00277836,Others
NCT00278200,Others
NCT00278434,poor enrollment
NCT00278512,poor enrollment
NCT00278551,Others
NCT00278564,efficacy
NCT00278590,poor enrollment
NCT00278642,poor enrollment
NCT00279539,Others
NCT00279773,safety
NCT00280280,poor enrollment
NCT00281996,poor enrollment
NCT00282399,Others
NCT00285090,poor enrollment
NCT00287859,poor enrollment
NCT00288054,poor enrollment
NCT00288808,poor enrollment
NCT00290719,poor enrollment
NCT00291551,Others
NCT00295581,safety
NCT00296062,safety
NCT00300027,Others
NCT00301106,Others
NCT00301951,poor enrollment
NCT00303134,efficacy
NCT00303940,Others
NCT00310050,poor enrollment
NCT00311064,Others
NCT00311558,Others
NCT00313456,Others
NCT00313534,Others
NCT00316550,safety
NCT00317434,safety
NCT00319930,Others
NCT00320073,safety
NCT00322920,poor enrollment
NCT00324077,poor enrollment
NCT00325741,poor enrollment
NCT00327080,Others
NCT00327197,poor enrollment
NCT00328887,Others
NCT00331786,safety
NCT00332085,poor enrollment
NCT00332215,Others
NCT00332748,Others
NCT00344786,Others
NCT00346229,Others
NCT00346632,Others
NCT00348166,poor enrollment
NCT00349206,safety
NCT00354419,poor enrollment
NCT00354900,Others
NCT00356941,poor enrollment
NCT00358163,Others
NCT00358397,Others
NCT00359294,poor enrollment
NCT00359671,Others
NCT00362830,Others
NCT00363454,efficacy
NCT00363610,efficacy
NCT00363753,Others
NCT00364429,Others
NCT00368329,poor enrollment
NCT00369031,safety
NCT00369291,poor enrollment
NCT00369629,Others
NCT00372515,poor enrollment
NCT00373633,poor enrollment
NCT00373815,poor enrollment
NCT00376519,poor enrollment
NCT00377104,Others
NCT00377247,poor enrollment
NCT00378404,poor enrollment
NCT00379626,poor enrollment
NCT00380042,Others
NCT00383006,poor enrollment
NCT00383097,poor enrollment
NCT00384787,Others
NCT00385450,Others
NCT00385554,Others
NCT00385775,Others
NCT00385853,Others
NCT00387153,poor enrollment
NCT00387933,Others
NCT00388219,Others
NCT00390000,Others
NCT00393185,Others
NCT00398840,safety
NCT00399152,Others
NCT00400933,Others
NCT00402025,Others
NCT00402415,safety
NCT00403052,Others
NCT00403442,Others
NCT00407407,Others
NCT00410566,safety
NCT00415311,Others
NCT00415454,poor enrollment
NCT00424489,poor enrollment
NCT00424775,safety
NCT00424840,poor enrollment
NCT00425295,Others
NCT00426829,poor enrollment
NCT00427414,poor enrollment
NCT00427674,Others
NCT00428194,poor enrollment
NCT00429078,poor enrollment
NCT00430014,Others
NCT00431379,Others
NCT00433953,poor enrollment
NCT00436579,Others
NCT00437203,Others
NCT00437242,Others
NCT00437606,poor enrollment
NCT00437957,poor enrollment
NCT00438321,Others
NCT00439959,Others
NCT00440544,safety
NCT00442741,Others
NCT00443261,poor enrollment
NCT00444236,poor enrollment
NCT00445757,poor enrollment
NCT00446342,Others
NCT00447122,Others
NCT00450879,Others
NCT00452582,poor enrollment
NCT00453817,Others
NCT00455572,poor enrollment
NCT00457171,Others
NCT00458159,efficacy
NCT00458575,Others
NCT00458744,safety
NCT00460278,poor enrollment
NCT00460460,poor enrollment
NCT00461110,Others
NCT00464113,Others
NCT00466232,safety
NCT00469053,Others
NCT00469404,Others
NCT00469937,poor enrollment
NCT00470925,Others
NCT00471367,poor enrollment
NCT00471692,safety
NCT00472719,Others
NCT00473551,poor enrollment
NCT00473616,safety
NCT00473967,safety
NCT00474552,Others
NCT00475917,Others
NCT00476515,Others
NCT00477503,poor enrollment
NCT00478634,efficacy
NCT00479622,Others
NCT00480623,Others
NCT00481936,efficacy
NCT00483535,Others
NCT00486265,efficacy
NCT00487799,Others
NCT00489385,Others
NCT00491751,poor enrollment
NCT00491855,Others
NCT00491959,Others
NCT00492271,Others
NCT00492440,Others
NCT00492947,Others
NCT00493571,Others
NCT00493675,Others
NCT00493818,Others
NCT00494611,poor enrollment
NCT00496782,poor enrollment
NCT00497497,Others
NCT00497679,Others
NCT00497731,efficacy
NCT00499499,safety
NCT00500006,Others
NCT00502372,poor enrollment
NCT00502619,poor enrollment
NCT00502892,Others
NCT00503919,poor enrollment
NCT00504101,poor enrollment
NCT00506064,poor enrollment
NCT00508456,poor enrollment
NCT00508911,Others
NCT00509340,poor enrollment
NCT00509431,efficacy
NCT00509756,safety
NCT00511017,poor enrollment
NCT00512460,Others
NCT00512668,poor enrollment
NCT00513162,Others
NCT00513253,Others
NCT00514189,poor enrollment
NCT00515788,poor enrollment
NCT00515892,Others
NCT00515957,Others
NCT00516282,Others
NCT00516542,poor enrollment
NCT00520325,Others
NCT00520533,safety
NCT00522574,safety
NCT00527410,Others
NCT00527657,Others
NCT00528294,Others
NCT00529113,Others
NCT00532675,safety
NCT00533169,poor enrollment
NCT00533585,Others
NCT00534872,poor enrollment
NCT00536497,Others
NCT00538044,Others
NCT00538096,Others
NCT00538538,Others
NCT00539201,Others
NCT00539331,safety
NCT00540501,Others
NCT00541333,Others
NCT00542711,Others
NCT00543114,efficacy
NCT00543335,poor enrollment
NCT00543387,safety
NCT00543972,efficacy
NCT00547404,poor enrollment
NCT00549263,poor enrollment
NCT00550199,safety
NCT00550498,efficacy
NCT00554177,Others
NCT00554762,Others
NCT00558727,Others
NCT00558857,poor enrollment
NCT00559416,Others
NCT00560352,poor enrollment
NCT00560716,Others
NCT00560820,poor enrollment
NCT00562237,safety
NCT00562250,Others
NCT00562666,Others
NCT00565227,safety
NCT00566241,poor enrollment
NCT00569179,poor enrollment
NCT00571116,Others
NCT00571194,Others
NCT00571467,poor enrollment
NCT00572182,poor enrollment
NCT00573404,poor enrollment
NCT00574366,efficacy
NCT00574444,Others
NCT00575419,poor enrollment
NCT00575848,poor enrollment
NCT00577694,Others
NCT00578045,poor enrollment
NCT00578396,Others
NCT00578799,Others
NCT00580190,safety
NCT00580905,Others
NCT00580944,poor enrollment
NCT00581191,Others
NCT00583427,poor enrollment
NCT00584012,Others
NCT00584155,Others
NCT00584753,poor enrollment
NCT00585000,poor enrollment
NCT00585845,Others
NCT00586274,poor enrollment
NCT00587015,Others
NCT00587457,Others
NCT00589550,poor enrollment
NCT00590603,poor enrollment
NCT00593008,safety
NCT00593658,safety
NCT00594594,poor enrollment
NCT00598091,poor enrollment
NCT00601614,poor enrollment
NCT00605046,Others
NCT00605059,Others
NCT00606879,safety
NCT00607399,safety
NCT00607711,Others
NCT00607841,Others
NCT00609817,Others
NCT00610246,safety
NCT00611637,poor enrollment
NCT00611689,Others
NCT00611793,Others
NCT00612612,Others
NCT00612872,efficacy
NCT00618397,poor enrollment
NCT00619021,Others
NCT00619346,safety
NCT00620048,Others
NCT00620919,poor enrollment
NCT00621283,poor enrollment
NCT00621556,poor enrollment
NCT00622479,Others
NCT00623077,Others
NCT00623753,Others
NCT00627835,Others
NCT00629187,poor enrollment
NCT00629200,Others
NCT00629226,efficacy
NCT00629577,Others
NCT00629876,Others
NCT00630318,poor enrollment
NCT00630760,Others
NCT00630890,Others
NCT00632424,Others
NCT00634088,poor enrollment
NCT00635245,Others
NCT00637338,safety
NCT00637390,poor enrollment
NCT00637403,poor enrollment
NCT00637962,poor enrollment
NCT00638196,Others
NCT00643058,Others
NCT00643240,poor enrollment
NCT00644072,Others
NCT00644514,Others
NCT00646165,poor enrollment
NCT00646776,safety
NCT00647764,Others
NCT00647972,safety
NCT00648414,safety
NCT00649584,Others
NCT00651079,Others
NCT00652574,efficacy
NCT00653536,poor enrollment
NCT00657813,efficacy
NCT00658801,poor enrollment
NCT00659399,poor enrollment
NCT00660036,safety
NCT00663065,Others
NCT00663741,Others
NCT00664196,Others
NCT00664586,Others
NCT00664677,Others
NCT00665665,Others
NCT00666081,poor enrollment
NCT00667901,poor enrollment
NCT00669136,poor enrollment
NCT00670397,safety
NCT00670410,poor enrollment
NCT00671112,efficacy
NCT00671372,Others
NCT00671801,safety
NCT00673322,Others
NCT00673829,Others
NCT00674141,Others
NCT00676559,safety
NCT00679055,poor enrollment
NCT00681798,poor enrollment
NCT00682279,poor enrollment
NCT00683553,poor enrollment
NCT00684255,Others
NCT00684294,safety
NCT00687674,poor enrollment
NCT00689065,Others
NCT00692380,poor enrollment
NCT00694746,poor enrollment
NCT00695448,poor enrollment
NCT00698776,Others
NCT00699777,Others
NCT00700947,Others
NCT00701298,poor enrollment
NCT00702819,poor enrollment
NCT00702923,poor enrollment
NCT00704119,safety
NCT00704392,Others
NCT00704821,Others
NCT00706316,Others
NCT00706355,safety
NCT00706615,poor enrollment
NCT00707213,Others
NCT00707252,Others
NCT00707590,Others
NCT00707707,safety
NCT00709033,poor enrollment
NCT00713765,Others
NCT00714246,poor enrollment
NCT00717808,Others
NCT00718159,poor enrollment
NCT00718588,poor enrollment
NCT00719199,Others
NCT00724100,Others
NCT00725062,poor enrollment
NCT00726466,poor enrollment
NCT00726869,poor enrollment
NCT00727701,Others
NCT00728455,Others
NCT00729833,Others
NCT00730652,Others
NCT00732082,Others
NCT00732745,Others
NCT00733031,efficacy
NCT00733967,Others
NCT00734526,Others
NCT00734695,poor enrollment
NCT00736528,safety
NCT00736788,efficacy
NCT00738335,Others
NCT00741741,Others
NCT00742001,efficacy
NCT00742534,Others
NCT00743769,Others
NCT00745732,Others
NCT00747305,poor enrollment
NCT00756262,Others
NCT00756912,Others
NCT00757250,poor enrollment
NCT00758797,Others
NCT00764764,Others
NCT00767468,Others
NCT00769093,poor enrollment
NCT00770718,poor enrollment
NCT00771719,poor enrollment
NCT00775502,efficacy
NCT00776555,Others
NCT00779311,safety
NCT00779480,efficacy
NCT00780325,Others
NCT00783172,Others
NCT00786968,poor enrollment
NCT00787072,safety
NCT00787852,efficacy
NCT00788307,poor enrollment
NCT00788580,Others
NCT00793208,poor enrollment
NCT00796055,Others
NCT00800150,Others
NCT00800280,safety
NCT00800670,poor enrollment
NCT00802217,efficacy
NCT00803179,poor enrollment
NCT00808990,Others
NCT00809536,safety
NCT00809887,poor enrollment
NCT00811356,safety
NCT00815438,Others
NCT00816504,Others
NCT00816686,Others
NCT00818259,poor enrollment
NCT00818701,Others
NCT00818714,poor enrollment
NCT00823017,Others
NCT00823420,Others
NCT00824681,Others
NCT00826930,Others
NCT00829127,safety
NCT00832559,poor enrollment
NCT00836628,poor enrollment
NCT00837135,Others
NCT00838851,Others
NCT00839059,poor enrollment
NCT00842582,poor enrollment
NCT00843830,Others
NCT00846378,Others
NCT00849069,efficacy
NCT00849745,poor enrollment
NCT00849888,Others
NCT00856258,safety
NCT00856427,poor enrollment
NCT00856674,poor enrollment
NCT00859859,poor enrollment
NCT00860353,safety
NCT00866086,poor enrollment
NCT00866346,poor enrollment
NCT00868361,poor enrollment
NCT00868855,poor enrollment
NCT00869115,Others
NCT00870220,poor enrollment
NCT00870441,safety
NCT00870519,Others
NCT00872976,Others
NCT00873886,poor enrollment
NCT00875160,poor enrollment
NCT00875628,safety
NCT00878657,poor enrollment
NCT00879073,Others
NCT00879645,Others
NCT00880854,poor enrollment
NCT00880867,poor enrollment
NCT00881608,safety
NCT00882622,Others
NCT00884533,Others
NCT00886366,efficacy
NCT00886457,poor enrollment
NCT00886496,poor enrollment
NCT00886951,efficacy
NCT00887445,Others
NCT00887926,efficacy
NCT00891033,Others
NCT00892801,poor enrollment
NCT00894751,poor enrollment
NCT00895960,Others
NCT00901290,Others
NCT00901823,Others
NCT00903214,Others
NCT00903461,Others
NCT00907179,Others
NCT00907985,poor enrollment
NCT00908206,Others
NCT00908414,Others
NCT00908856,Others
NCT00909948,poor enrollment
NCT00912899,efficacy
NCT00913900,poor enrollment
NCT00914433,Others
NCT00915278,safety
NCT00915668,Others
NCT00915694,poor enrollment
NCT00923234,poor enrollment
NCT00923806,poor enrollment
NCT00926263,safety
NCT00927329,Others
NCT00927459,safety
NCT00928200,poor enrollment
NCT00929370,Others
NCT00929825,safety
NCT00932126,safety
NCT00932464,Others
NCT00934076,Others
NCT00934232,Others
NCT00936520,efficacy
NCT00936559,poor enrollment
NCT00937300,Others
NCT00937417,Others
NCT00937482,Others
NCT00937664,safety
NCT00939887,safety
NCT00940641,Others
NCT00942838,poor enrollment
NCT00943293,poor enrollment
NCT00944580,poor enrollment
NCT00945178,efficacy
NCT00945360,poor enrollment
NCT00945425,Others
NCT00946972,safety
NCT00947388,poor enrollment
NCT00949026,poor enrollment
NCT00951158,Others
NCT00951301,poor enrollment
NCT00952601,poor enrollment
NCT00954993,Others
NCT00955097,Others
NCT00955292,efficacy
NCT00955942,poor enrollment
NCT00960063,Others
NCT00960427,Others
NCT00964288,safety
NCT00964561,safety
NCT00964834,Others
NCT00967928,poor enrollment
NCT00968097,efficacy
NCT00970541,poor enrollment
NCT00971191,poor enrollment
NCT00972101,poor enrollment
NCT00974740,poor enrollment
NCT00975767,poor enrollment
NCT00976508,Others
NCT00979134,poor enrollment
NCT00984113,Others
NCT00985530,Others
NCT00990496,poor enrollment
NCT00990795,Others
NCT00991016,safety
NCT00996346,Others
NCT00996359,poor enrollment
NCT00996892,Others
NCT01000896,Others
NCT01002625,efficacy
NCT01003444,safety
NCT01003678,Others
NCT01004419,Others
NCT01004822,efficacy
NCT01005979,poor enrollment
NCT01007695,poor enrollment
NCT01007929,Others
NCT01008397,Others
NCT01009424,Others
NCT01009502,Others
NCT01010542,poor enrollment
NCT01011777,poor enrollment
NCT01012362,Others
NCT01013818,poor enrollment
NCT01013831,Others
NCT01014546,poor enrollment
NCT01016054,Others
NCT01016327,Others
NCT01016951,safety
NCT01018238,Others
NCT01018836,poor enrollment
NCT01019681,poor enrollment
NCT01019707,Others
NCT01022606,safety
NCT01024842,poor enrollment
NCT01025713,Others
NCT01025882,poor enrollment
NCT01026545,safety
NCT01027234,safety
NCT01027923,poor enrollment
NCT01028781,Others
NCT01028911,poor enrollment
NCT01029509,Others
NCT01032122,poor enrollment
NCT01032148,Others
NCT01034592,poor enrollment
NCT01035216,Others
NCT01035801,safety
NCT01039155,Others
NCT01039610,Others
NCT01039844,poor enrollment
NCT01042678,Others
NCT01044108,safety
NCT01045863,safety
NCT01045915,poor enrollment
NCT01045928,safety
NCT01046773,poor enrollment
NCT01047007,Others
NCT01051401,poor enrollment
NCT01053663,Others
NCT01055795,safety
NCT01057277,Others
NCT01058850,poor enrollment
NCT01060514,poor enrollment
NCT01063478,poor enrollment
NCT01064089,efficacy
NCT01065545,Others
NCT01067066,efficacy
NCT01068184,Others
NCT01068756,Others
NCT01069328,Others
NCT01071564,Others
NCT01072591,Others
NCT01072812,Others
NCT01077531,safety
NCT01078376,Others
NCT01078974,safety
NCT01080105,Others
NCT01080664,Others
NCT01081808,Others
NCT01082562,Others
NCT01085656,Others
NCT01086332,Others
NCT01086761,Others
NCT01086813,Others
NCT01088763,Others
NCT01090128,Others
NCT01092052,Others
NCT01092689,Others
NCT01092975,safety
NCT01093092,Others
NCT01093170,poor enrollment
NCT01093677,poor enrollment
NCT01096329,Others
NCT01096563,Others
NCT01098565,Others
NCT01099644,Others
NCT01101347,Others
NCT01101555,Others
NCT01106235,Others
NCT01107899,poor enrollment
NCT01110083,Others
NCT01110603,Others
NCT01112397,Others
NCT01116154,Others
NCT01118819,Others
NCT01119417,poor enrollment
NCT01119456,Others
NCT01119742,poor enrollment
NCT01121328,poor enrollment
NCT01122615,safety
NCT01122888,Others
NCT01122914,Others
NCT01123005,Others
NCT01123304,Others
NCT01123915,safety
NCT01124344,Others
NCT01124812,Others
NCT01126450,Others
NCT01126502,Others
NCT01127321,Others
NCT01127789,Others
NCT01128777,poor enrollment
NCT01130688,poor enrollment
NCT01130909,Others
NCT01131234,Others
NCT01134601,Others
NCT01136122,poor enrollment
NCT01137799,poor enrollment
NCT01139151,Others
NCT01139359,poor enrollment
NCT01140412,safety
NCT01142128,Others
NCT01143545,poor enrollment
NCT01144169,poor enrollment
NCT01144351,Others
NCT01145014,safety
NCT01147029,Others
NCT01148966,Others
NCT01149356,Others
NCT01150266,Others
NCT01150812,safety
NCT01152255,Others
NCT01155791,Others
NCT01157546,poor enrollment
NCT01158729,poor enrollment
NCT01159873,Others
NCT01159964,efficacy
NCT01160731,Others
NCT01160926,safety
NCT01161641,poor enrollment
NCT01162889,safety
NCT01162915,Others
NCT01163799,safety
NCT01163838,Others
NCT01164514,Others
NCT01164709,Others
NCT01164904,Others
NCT01164917,poor enrollment
NCT01165658,Others
NCT01166919,Others
NCT01167816,Others
NCT01170871,Others
NCT01172509,Others
NCT01174199,efficacy
NCT01177501,Others
NCT01177644,Others
NCT01179399,Others
NCT01180062,Others
NCT01182233,poor enrollment
NCT01183468,safety
NCT01185548,safety
NCT01186328,Others
NCT01187615,poor enrollment
NCT01187810,Others
NCT01188252,Others
NCT01188473,Others
NCT01189422,Others
NCT01189513,Others
NCT01191372,Others
NCT01193491,efficacy
NCT01193595,Others
NCT01193777,Others
NCT01193881,Others
NCT01194193,Others
NCT01195727,Others
NCT01195974,safety
NCT01197209,Others
NCT01197664,Others
NCT01198522,poor enrollment
NCT01200004,poor enrollment
NCT01202266,safety
NCT01202890,poor enrollment
NCT01204450,Others
NCT01207076,poor enrollment
NCT01207973,safety
NCT01208441,Others
NCT01210066,poor enrollment
NCT01212276,Others
NCT01212627,Others
NCT01212887,efficacy
NCT01212965,safety
NCT01214655,efficacy
NCT01214668,Others
NCT01215552,Others
NCT01216436,Others
NCT01217411,poor enrollment
NCT01219543,Others
NCT01225146,Others
NCT01226901,Others
NCT01227941,Others
NCT01231451,safety
NCT01231594,Others
NCT01233505,Others
NCT01235468,Others
NCT01236586,Others
NCT01238029,poor enrollment
NCT01238224,Others
NCT01238315,poor enrollment
NCT01238679,Others
NCT01238965,safety
NCT01239108,safety
NCT01240642,Others
NCT01240928,Others
NCT01242579,Others
NCT01243359,safety
NCT01243762,Others
NCT01244620,safety
NCT01246869,Others
NCT01247168,Others
NCT01248858,efficacy
NCT01251250,Others
NCT01251926,Others
NCT01252095,safety
NCT01256281,Others
NCT01258348,Others
NCT01258634,poor enrollment
NCT01258868,Others
NCT01259219,safety
NCT01259479,Others
NCT01260714,poor enrollment
NCT01261767,safety
NCT01262664,Others
NCT01262690,safety
NCT01263366,poor enrollment
NCT01264731,Others
NCT01265017,Others
NCT01265199,Others
NCT01267643,Others
NCT01268644,Others
NCT01269411,Others
NCT01269424,Others
NCT01269671,Others
NCT01270906,Others
NCT01271166,safety
NCT01273103,Others
NCT01273402,poor enrollment
NCT01274104,Others
NCT01275612,poor enrollment
NCT01275781,safety
NCT01278758,Others
NCT01278849,Others
NCT01279291,efficacy
NCT01280383,Others
NCT01281163,Others
NCT01283100,safety
NCT01283178,Others
NCT01284335,Others
NCT01285102,safety
NCT01286038,efficacy
NCT01288430,Others
NCT01289938,poor enrollment
NCT01290380,Others
NCT01291784,Others
NCT01292694,Others
NCT01292941,Others
NCT01293630,Others
NCT01294397,poor enrollment
NCT01296555,safety
NCT01296568,poor enrollment
NCT01296659,Others
NCT01297530,safety
NCT01298401,efficacy
NCT01298505,efficacy
NCT01298921,poor enrollment
NCT01299402,Others
NCT01299701,Others
NCT01300793,poor enrollment
NCT01302405,poor enrollment
NCT01308216,poor enrollment
NCT01308723,poor enrollment
NCT01309412,safety
NCT01313429,poor enrollment
NCT01315730,Others
NCT01316146,poor enrollment
NCT01316185,poor enrollment
NCT01316445,Others
NCT01317212,Others
NCT01318421,Others
NCT01319838,poor enrollment
NCT01322100,poor enrollment
NCT01324115,Others
NCT01324141,poor enrollment
NCT01324635,poor enrollment
NCT01324830,efficacy
NCT01328860,Others
NCT01329549,Others
NCT01332279,Others
NCT01332552,safety
NCT01333137,Others
NCT01334099,Others
NCT01334255,Others
NCT01335165,poor enrollment
NCT01335256,safety
NCT01335945,poor enrollment
NCT01336387,Others
NCT01336985,Others
NCT01337518,Others
NCT01338935,safety
NCT01341288,poor enrollment
NCT01341496,Others
NCT01343394,poor enrollment
NCT01343628,Others
NCT01345357,safety
NCT01345565,Others
NCT01345578,Others
NCT01345864,safety
NCT01346540,Others
NCT01347866,efficacy
NCT01348165,Others
NCT01348503,efficacy
NCT01348997,poor enrollment
NCT01350960,efficacy
NCT01352312,poor enrollment
NCT01353898,Others
NCT01353937,Others
NCT01357447,poor enrollment
NCT01357746,poor enrollment
NCT01358331,Others
NCT01358903,efficacy
NCT01359579,efficacy
NCT01359618,Others
NCT01360827,safety
NCT01362712,poor enrollment
NCT01366651,Others
NCT01367990,Others
NCT01368315,Others
NCT01369628,Others
NCT01370694,Others
NCT01370759,Others
NCT01372163,safety
NCT01373463,Others
NCT01374503,Others
NCT01375985,Others
NCT01377311,poor enrollment
NCT01377909,Others
NCT01378377,safety
NCT01378481,Others
NCT01378897,Others
NCT01379586,Others
NCT01381640,poor enrollment
NCT01383538,Others
NCT01383668,Others
NCT01386502,Others
NCT01387204,efficacy
NCT01389895,poor enrollment
NCT01390441,Others
NCT01391117,efficacy
NCT01395485,Others
NCT01397734,Others
NCT01399255,Others
NCT01400451,poor enrollment
NCT01400672,efficacy
NCT01400789,Others
NCT01401504,Others
NCT01401829,Others
NCT01402440,poor enrollment
NCT01403285,poor enrollment
NCT01403922,Others
NCT01404702,poor enrollment
NCT01405950,Others
NCT01406340,poor enrollment
NCT01406639,poor enrollment
NCT01407341,Others
NCT01407900,Others
NCT01409174,poor enrollment
NCT01411098,poor enrollment
NCT01416623,Others
NCT01416883,Others
NCT01416961,Others
NCT01417403,Others
NCT01421160,Others
NCT01424423,Others
NCT01424475,poor enrollment
NCT01425190,Others
NCT01425320,Others
NCT01426334,Others
NCT01428154,poor enrollment
NCT01431664,poor enrollment
NCT01434576,Others
NCT01434849,poor enrollment
NCT01435993,Others
NCT01436123,Others
NCT01437007,Others
NCT01438593,Others
NCT01438684,Others
NCT01440127,poor enrollment
NCT01440192,Others
NCT01441115,Others
NCT01441206,Others
NCT01441388,Others
NCT01443559,poor enrollment
NCT01445119,poor enrollment
NCT01445340,Others
NCT01447563,Others
NCT01447732,Others
NCT01451437,Others
NCT01453387,Others
NCT01455025,poor enrollment
NCT01456676,efficacy
NCT01457131,Others
NCT01461252,poor enrollment
NCT01463631,Others
NCT01463696,Others
NCT01467414,poor enrollment
NCT01468376,Others
NCT01469923,safety
NCT01469975,poor enrollment
NCT01470313,Others
NCT01475305,poor enrollment
NCT01476085,efficacy
NCT01476657,Others
NCT01478074,poor enrollment
NCT01478698,Others
NCT01479023,efficacy
NCT01482013,Others
NCT01482156,Others
NCT01483170,safety
NCT01483183,poor enrollment
NCT01485497,poor enrollment
NCT01485874,Others
NCT01488877,Others
NCT01488981,poor enrollment
NCT01489319,Others
NCT01490216,poor enrollment
NCT01491139,Others
NCT01491594,poor enrollment
NCT01492465,Others
NCT01493453,Others
NCT01493518,Others
NCT01494012,poor enrollment
NCT01497626,Others
NCT01499017,efficacy
NCT01499251,efficacy
NCT01500018,Others
NCT01500382,poor enrollment
NCT01502514,poor enrollment
NCT01504490,Others
NCT01504594,poor enrollment
NCT01506934,Others
NCT01508104,Others
NCT01509339,Others
NCT01509495,poor enrollment
NCT01510288,Others
NCT01510561,poor enrollment
NCT01515969,poor enrollment
NCT01516645,Others
NCT01518881,Others
NCT01519323,poor enrollment
NCT01521299,poor enrollment
NCT01521325,Others
NCT01522105,poor enrollment
NCT01522716,Others
NCT01524406,Others
NCT01525069,Others
NCT01525225,Others
NCT01525628,Others
NCT01525706,poor enrollment
NCT01528137,Others
NCT01529307,safety
NCT01530347,Others
NCT01532960,efficacy
NCT01539876,poor enrollment
NCT01541670,Others
NCT01542047,poor enrollment
NCT01543269,safety
NCT01548144,Others
NCT01548482,safety
NCT01548924,safety
NCT01549496,Others
NCT01550185,Others
NCT01551043,Others
NCT01551446,safety
NCT01551628,poor enrollment
NCT01551680,Others
NCT01551771,Others
NCT01553071,Others
NCT01554085,efficacy
NCT01554189,Others
NCT01555853,poor enrollment
NCT01557192,Others
NCT01557543,Others
NCT01558674,efficacy
NCT01558687,Others
NCT01559103,Others
NCT01560468,Others
NCT01562301,Others
NCT01563614,poor enrollment
NCT01565772,poor enrollment
NCT01567384,Others
NCT01567540,poor enrollment
NCT01568203,Others
NCT01568645,Others
NCT01574222,Others
NCT01575782,poor enrollment
NCT01577745,efficacy
NCT01581541,safety
NCT01581736,Others
NCT01583647,efficacy
NCT01584362,Others
NCT01584739,Others
NCT01585415,Others
NCT01586325,Others
NCT01587495,poor enrollment
NCT01588717,Others
NCT01589029,efficacy
NCT01591096,poor enrollment
NCT01593072,Others
NCT01596413,Others
NCT01596426,Others
NCT01596530,Others
NCT01598792,Others
NCT01602627,poor enrollment
NCT01604031,Others
NCT01604863,poor enrollment
NCT01605942,Others
NCT01606436,Others
NCT01607671,poor enrollment
NCT01609218,Others
NCT01609816,poor enrollment
NCT01609881,Others
NCT01610050,efficacy
NCT01610999,Others
NCT01611584,Others
NCT01611675,safety
NCT01613261,Others
NCT01613950,poor enrollment
NCT01614782,Others
NCT01615042,poor enrollment
NCT01615510,Others
NCT01615822,Others
NCT01618357,Others
NCT01620801,Others
NCT01624441,safety
NCT01627002,Others
NCT01628055,poor enrollment
NCT01630564,Others
NCT01630616,Others
NCT01632436,poor enrollment
NCT01632566,safety
NCT01634061,safety
NCT01634763,poor enrollment
NCT01634789,poor enrollment
NCT01635296,Others
NCT01636479,Others
NCT01636609,safety
NCT01636960,Others
NCT01640249,safety
NCT01641575,efficacy
NCT01642732,Others
NCT01642862,poor enrollment
NCT01643603,poor enrollment
NCT01644240,Others
NCT01644253,Others
NCT01644799,safety
NCT01647256,poor enrollment
NCT01647620,Others
NCT01647789,Others
NCT01649258,efficacy
NCT01649271,Others
NCT01650727,safety
NCT01651273,Others
NCT01651767,Others
NCT01652547,poor enrollment
NCT01654861,poor enrollment
NCT01655875,poor enrollment
NCT01659177,efficacy
NCT01663766,poor enrollment
NCT01664273,Others
NCT01668550,Others
NCT01675765,Others
NCT01675973,Others
NCT01677390,Others
NCT01677572,efficacy
NCT01677650,Others
NCT01677780,Others
NCT01677845,Others
NCT01678443,poor enrollment
NCT01679405,efficacy
NCT01680796,efficacy
NCT01685489,Others
NCT01688362,poor enrollment
NCT01689025,Others
NCT01689168,Others
NCT01691872,Others
NCT01695733,Others
NCT01696604,safety
NCT01698567,poor enrollment
NCT01700166,Others
NCT01700569,Others
NCT01701323,Others
NCT01701375,Others
NCT01702285,Others
NCT01702350,efficacy
NCT01702675,Others
NCT01702714,Others
NCT01704209,Others
NCT01705340,Others
NCT01705483,Others
NCT01705899,Others
NCT01713595,poor enrollment
NCT01721135,safety
NCT01723475,Others
NCT01725334,poor enrollment
NCT01725672,Others
NCT01728207,poor enrollment
NCT01728259,Others
NCT01728480,Others
NCT01730248,Others
NCT01731587,Others
NCT01732510,Others
NCT01738594,poor enrollment
NCT01739439,poor enrollment
NCT01741597,Others
NCT01741753,poor enrollment
NCT01742793,Others
NCT01743807,Others
NCT01744054,Others
NCT01744171,Others
NCT01744912,Others
NCT01745354,poor enrollment
NCT01746810,Others
NCT01747408,efficacy
NCT01747876,poor enrollment
NCT01750762,Others
NCT01751282,Others
NCT01754883,Others
NCT01755442,Others
NCT01760980,Others
NCT01762410,poor enrollment
NCT01765556,Others
NCT01769222,Others
NCT01771484,Others
NCT01773330,Others
NCT01774747,Others
NCT01782560,poor enrollment
NCT01783431,poor enrollment
NCT01783964,Others
NCT01784016,Others
NCT01784627,Others
NCT01784640,Others
NCT01789723,Others
NCT01790035,poor enrollment
NCT01791686,poor enrollment
NCT01795950,Others
NCT01797419,Others
NCT01797926,efficacy
NCT01799161,Others
NCT01801046,poor enrollment
NCT01801163,poor enrollment
NCT01803399,Others
NCT01803945,Others
NCT01804530,Others
NCT01805908,poor enrollment
NCT01808482,efficacy
NCT01809912,Others
NCT01810016,poor enrollment
NCT01810848,poor enrollment
NCT01814059,Others
NCT01816555,poor enrollment
NCT01816659,poor enrollment
NCT01818011,Others
NCT01818479,poor enrollment
NCT01820325,safety
NCT01822613,efficacy
NCT01822756,Others
NCT01825369,Others
NCT01826448,efficacy
NCT01826838,poor enrollment
NCT01829867,Others
NCT01832974,Others
NCT01835184,Others
NCT01836341,Others
NCT01838200,poor enrollment
NCT01838434,safety
NCT01839526,poor enrollment
NCT01841307,Others
NCT01841632,Others
NCT01843491,Others
NCT01843738,Others
NCT01846429,Others
NCT01846715,Others
NCT01847222,Others
NCT01848301,Others
NCT01849276,poor enrollment
NCT01849744,Others
NCT01851343,Others
NCT01851460,Others
NCT01851603,Others
NCT01854099,Others
NCT01854606,safety
NCT01855672,Others
NCT01856881,Others
NCT01861990,poor enrollment
NCT01862718,poor enrollment
NCT01863004,poor enrollment
NCT01865630,Others
NCT01867645,efficacy
NCT01868360,poor enrollment
NCT01870245,safety
NCT01876251,efficacy
NCT01876641,Others
NCT01878578,poor enrollment
NCT01880866,Others
NCT01886573,Others
NCT01887587,safety
NCT01889420,poor enrollment
NCT01889992,Others
NCT01891981,Others
NCT01894594,poor enrollment
NCT01894646,Others
NCT01897038,Others
NCT01900496,poor enrollment
NCT01900522,Others
NCT01901887,poor enrollment
NCT01902550,Others
NCT01904643,poor enrollment
NCT01904786,poor enrollment
NCT01906307,Others
NCT01907802,Others
NCT01908387,poor enrollment
NCT01908413,Others
NCT01909778,poor enrollment
NCT01910428,Others
NCT01911325,efficacy
NCT01912378,poor enrollment
NCT01912625,poor enrollment
NCT01913015,poor enrollment
NCT01916187,Others
NCT01923389,Others
NCT01924858,efficacy
NCT01925300,poor enrollment
NCT01930058,efficacy
NCT01930292,Others
NCT01931787,efficacy
NCT01933230,poor enrollment
NCT01934101,Others
NCT01938456,Others
NCT01940796,safety
NCT01940809,poor enrollment
NCT01941615,Others
NCT01941849,poor enrollment
NCT01942083,Others
NCT01943188,Others
NCT01946646,poor enrollment
NCT01948271,efficacy
NCT01949870,Others
NCT01950195,Others
NCT01952249,Others
NCT01952730,poor enrollment
NCT01953809,Others
NCT01954030,Others
NCT01954524,Others
NCT01956305,Others
NCT01956864,Others
NCT01957644,Others
NCT01957657,Others
NCT01957683,Others
NCT01958645,Others
NCT01960764,Others
NCT01962337,Others
NCT01965301,Others
NCT01965431,Others
NCT01965600,safety
NCT01965782,poor enrollment
NCT01968915,Others
NCT01969682,Others
NCT01969942,poor enrollment
NCT01974258,Others
NCT01974479,Others
NCT01974973,Others
NCT01975688,poor enrollment
NCT01978457,Others
NCT01983566,Others
NCT01983709,Others
NCT01984255,efficacy
NCT01985477,poor enrollment
NCT01986166,safety
NCT01986218,Others
NCT01987375,Others
NCT01989052,Others
NCT01991184,Others
NCT01991938,poor enrollment
NCT01996800,Others
NCT01998126,safety
NCT01999738,efficacy
NCT01999803,Others
NCT02003573,Others
NCT02005991,Others
NCT02008851,Others
NCT02009943,Others
NCT02012153,poor enrollment
NCT02012777,poor enrollment
NCT02014116,efficacy
NCT02016066,Others
NCT02018523,poor enrollment
NCT02023424,safety
NCT02023541,Others
NCT02024074,poor enrollment
NCT02027155,Others
NCT02027246,Others
NCT02030483,Others
NCT02031380,Others
NCT02031419,Others
NCT02031965,Others
NCT02034123,safety
NCT02034292,Others
NCT02035085,Others
NCT02036502,Others
NCT02037282,poor enrollment
NCT02040558,Others
NCT02040909,poor enrollment
NCT02042027,poor enrollment
NCT02043860,poor enrollment
NCT02045095,Others
NCT02045732,efficacy
NCT02047149,poor enrollment
NCT02047500,Others
NCT02047656,safety
NCT02047890,Others
NCT02048358,Others
NCT02048709,poor enrollment
NCT02048943,Others
NCT02049281,Others
NCT02049801,Others
NCT02050009,poor enrollment
NCT02050178,Others
NCT02050776,Others
NCT02050815,efficacy
NCT02051751,safety
NCT02052674,poor enrollment
NCT02053324,poor enrollment
NCT02055196,Others
NCT02055924,safety
NCT02057770,poor enrollment
NCT02058017,safety
NCT02058199,Others
NCT02058407,safety
NCT02058524,poor enrollment
NCT02059850,Others
NCT02059967,poor enrollment
NCT02060305,poor enrollment
NCT02061449,poor enrollment
NCT02065063,Others
NCT02065401,Others
NCT02067884,poor enrollment
NCT02068079,Others
NCT02069145,Others
NCT02069431,Others
NCT02070406,poor enrollment
NCT02074878,poor enrollment
NCT02077959,Others
NCT02078089,poor enrollment
NCT02078557,Others
NCT02078752,Others
NCT02079480,Others
NCT02082977,efficacy
NCT02083666,safety
NCT02083679,Others
NCT02086513,safety
NCT02086721,safety
NCT02095210,poor enrollment
NCT02096341,Others
NCT02098785,Others
NCT02099500,poor enrollment
NCT02102412,Others
NCT02106871,Others
NCT02107118,Others
NCT02109224,poor enrollment
NCT02109627,poor enrollment
NCT02110563,Others
NCT02110953,poor enrollment
NCT02111187,Others
NCT02111551,Others
NCT02112162,Others
NCT02112942,Others
NCT02114671,Others
NCT02115919,poor enrollment
NCT02116894,Others
NCT02117336,poor enrollment
NCT02117817,Others
NCT02120339,poor enrollment
NCT02120976,Others
NCT02123160,Others
NCT02123823,efficacy
NCT02124265,poor enrollment
NCT02125643,efficacy
NCT02126527,poor enrollment
NCT02129166,Others
NCT02131012,poor enrollment
NCT02131506,safety
NCT02132403,safety
NCT02132429,Others
NCT02134886,poor enrollment
NCT02136342,Others
NCT02136927,Others
NCT02137889,Others
NCT02138812,Others
NCT02139709,Others
NCT02141477,poor enrollment
NCT02144246,Others
NCT02145559,safety
NCT02145910,poor enrollment
NCT02148107,Others
NCT02149095,Others
NCT02153437,poor enrollment
NCT02154776,safety
NCT02155088,poor enrollment
NCT02160951,Others
NCT02161744,poor enrollment
NCT02163356,Others
NCT02163915,Others
NCT02164097,poor enrollment
NCT02168270,efficacy
NCT02168725,Others
NCT02168777,Others
NCT02168907,poor enrollment
NCT02170012,safety
NCT02171546,safety
NCT02172131,safety
NCT02176486,poor enrollment
NCT02176720,Others
NCT02177682,Others
NCT02177734,efficacy
NCT02177812,safety
NCT02182271,Others
NCT02182401,safety
NCT02182765,poor enrollment
NCT02185651,poor enrollment
NCT02186509,Others
NCT02187029,safety
NCT02187822,Others
NCT02188303,efficacy
NCT02188719,Others
NCT02192567,Others
NCT02194374,poor enrollment
NCT02197663,poor enrollment
NCT02199223,poor enrollment
NCT02199886,Others
NCT02200562,poor enrollment
NCT02200848,poor enrollment
NCT02201355,Others
NCT02201563,poor enrollment
NCT02202070,Others
NCT02202447,Others
NCT02203773,Others
NCT02205398,poor enrollment
NCT02205463,Others
NCT02206568,Others
NCT02207959,Others
NCT02209376,Others
NCT02209506,poor enrollment
NCT02209727,safety
NCT02210104,Others
NCT02212561,poor enrollment
NCT02212730,poor enrollment
NCT02212925,Others
NCT02213029,Others
NCT02215083,poor enrollment
NCT02215174,Others
NCT02216890,Others
NCT02217670,Others
NCT02218775,Others
NCT02221960,Others
NCT02222363,poor enrollment
NCT02223598,efficacy
NCT02225405,efficacy
NCT02225574,poor enrollment
NCT02226744,Others
NCT02228811,Others
NCT02234037,poor enrollment
NCT02234687,Others
NCT02235740,Others
NCT02238496,Others
NCT02238522,Others
NCT02240355,safety
NCT02241096,poor enrollment
NCT02241174,poor enrollment
NCT02241395,Others
NCT02241928,Others
NCT02243124,Others
NCT02243189,poor enrollment
NCT02243917,efficacy
NCT02244203,Others
NCT02245438,safety
NCT02245711,Others
NCT02246556,poor enrollment
NCT02250118,poor enrollment
NCT02251639,Others
NCT02251873,safety
NCT02252796,Others
NCT02253277,efficacy
NCT02254018,Others
NCT02254031,Others
NCT02254954,Others
NCT02255162,poor enrollment
NCT02255968,Others
NCT02258607,Others
NCT02260037,Others
NCT02262910,Others
NCT02263547,safety
NCT02268435,Others
NCT02268825,Others
NCT02269085,poor enrollment
NCT02269436,Others
NCT02269566,poor enrollment
NCT02270372,efficacy
NCT02271516,safety
NCT02274233,safety
NCT02276820,Others
NCT02277184,Others
NCT02281292,Others
NCT02281344,Others
NCT02283359,Others
NCT02284425,Others
NCT02284971,poor enrollment
NCT02285465,Others
NCT02286882,Others
NCT02286999,poor enrollment
NCT02288208,safety
NCT02288507,poor enrollment
NCT02289274,Others
NCT02289482,safety
NCT02291614,Others
NCT02292225,Others
NCT02295501,Others
NCT02297906,poor enrollment
NCT02298153,Others
NCT02300935,Others
NCT02301845,Others
NCT02302755,poor enrollment
NCT02304289,poor enrollment
NCT02306876,Others
NCT02309580,safety
NCT02313012,efficacy
NCT02313844,Others
NCT02314793,Others
NCT02315144,Others
NCT02315157,Others
NCT02316509,Others
NCT02317302,Others
NCT02317419,safety
NCT02319720,Others
NCT02321566,Others
NCT02322606,Others
NCT02323906,Others
NCT02326935,Others
NCT02327390,Others
NCT02331381,poor enrollment
NCT02334319,Others
NCT02335814,Others
NCT02337309,poor enrollment
NCT02337387,safety
NCT02341963,poor enrollment
NCT02342353,safety
NCT02343328,Others
NCT02343666,Others
NCT02346370,Others
NCT02349139,Others
NCT02349503,Others
NCT02350426,efficacy
NCT02353143,safety
NCT02354417,Others
NCT02354443,Others
NCT02357732,Others
NCT02358200,Others
NCT02359500,Others
NCT02363946,Others
NCT02365662,safety
NCT02367352,Others
NCT02370563,Others
NCT02370888,poor enrollment
NCT02371031,Others
NCT02372227,Others
NCT02374723,Others
NCT02377362,efficacy
NCT02378922,Others
NCT02380313,poor enrollment
NCT02381548,Others
NCT02385084,Others
NCT02385825,Others
NCT02386111,Others
NCT02386150,Others
NCT02387125,efficacy
NCT02387242,Others
NCT02388152,efficacy
NCT02390401,safety
NCT02391012,poor enrollment
NCT02391038,efficacy
NCT02396368,efficacy
NCT02398604,Others
NCT02400645,Others
NCT02400814,poor enrollment
NCT02401074,Others
NCT02410174,poor enrollment
NCT02412475,Others
NCT02414776,Others
NCT02419820,Others
NCT02422524,poor enrollment
NCT02423057,Others
NCT02423083,Others
NCT02426021,Others
NCT02427178,poor enrollment
NCT02427581,Others
NCT02428309,poor enrollment
NCT02429089,poor enrollment
NCT02429804,poor enrollment
NCT02431364,Others
NCT02432664,safety
NCT02433392,poor enrollment
NCT02436460,Others
NCT02438033,Others
NCT02438995,poor enrollment
NCT02439346,Others
NCT02439723,Others
NCT02439788,Others
NCT02440061,Others
NCT02442752,Others
NCT02442960,safety
NCT02444585,poor enrollment
NCT02447458,poor enrollment
NCT02447939,Others
NCT02450981,Others
NCT02452268,Others
NCT02452385,Others
NCT02452983,poor enrollment
NCT02454270,Others
NCT02457286,poor enrollment
NCT02457351,Others
NCT02458716,safety
NCT02460016,Others
NCT02460354,efficacy
NCT02460770,Others
NCT02464137,safety
NCT02465983,Others
NCT02468557,Others
NCT02468661,poor enrollment
NCT02469376,poor enrollment
NCT02470559,Others
NCT02474173,Others
NCT02476123,efficacy
NCT02477540,Others
NCT02478125,poor enrollment
NCT02479204,safety
NCT02482441,efficacy
NCT02483624,Others
NCT02483871,poor enrollment
NCT02484261,Others
NCT02485990,Others
NCT02486744,poor enrollment
NCT02487823,poor enrollment
NCT02492477,poor enrollment
NCT02495896,Others
NCT02496286,poor enrollment
NCT02497391,Others
NCT02499315,Others
NCT02500901,Others
NCT02500914,Others
NCT02502006,Others
NCT02503683,safety
NCT02508441,Others
NCT02508740,Others
NCT02508870,safety
NCT02509403,Others
NCT02510534,poor enrollment
NCT02510950,poor enrollment
NCT02511184,poor enrollment
NCT02512237,Others
NCT02514031,poor enrollment
NCT02516774,poor enrollment
NCT02517359,efficacy
NCT02518568,Others
NCT02519270,Others
NCT02519335,Others
NCT02520245,Others
NCT02520427,Others
NCT02524951,Others
NCT02526329,Others
NCT02527460,Others
NCT02527681,poor enrollment
NCT02528877,Others
NCT02529241,Others
NCT02530502,Others
NCT02531295,Others
NCT02532036,poor enrollment
NCT02532192,Others
NCT02532868,Others
NCT02536183,poor enrollment
NCT02537561,Others
NCT02538627,Others
NCT02539303,poor enrollment
NCT02540291,Others
NCT02540551,poor enrollment
NCT02543645,Others
NCT02543931,poor enrollment
NCT02548169,Others
NCT02548468,poor enrollment
NCT02551055,Others
NCT02553499,poor enrollment
NCT02555085,safety
NCT02556346,Others
NCT02556463,Others
NCT02557854,poor enrollment
NCT02559258,Others
NCT02561520,poor enrollment
NCT02561832,Others
NCT02562820,Others
NCT02567396,Others
NCT02569216,Others
NCT02569489,Others
NCT02570958,Others
NCT02571530,poor enrollment
NCT02572206,Others
NCT02573220,Others
NCT02573740,efficacy
NCT02574611,poor enrollment
NCT02575781,Others
NCT02576119,safety
NCT02576457,Others
NCT02576665,Others
NCT02577588,Others
NCT02578511,poor enrollment
NCT02579005,Others
NCT02579824,Others
NCT02582801,Others
NCT02582827,poor enrollment
NCT02584153,Others
NCT02585024,Others
NCT02588092,poor enrollment
NCT02588456,efficacy
NCT02588807,Others
NCT02588950,poor enrollment
NCT02589340,poor enrollment
NCT02589964,poor enrollment
NCT02593708,safety
NCT02593851,Others
NCT02595242,Others
NCT02595918,poor enrollment
NCT02598011,Others
NCT02598427,poor enrollment
NCT02598687,efficacy
NCT02598999,Others
NCT02601274,Others
NCT02601365,safety
NCT02601378,Others
NCT02602067,efficacy
NCT02603419,poor enrollment
NCT02604355,Others
NCT02606214,safety
NCT02606630,Others
NCT02607696,Others
NCT02608229,safety
NCT02610361,poor enrollment
NCT02611661,Others
NCT02612051,Others
NCT02614508,Others
NCT02616185,safety
NCT02619669,poor enrollment
NCT02622763,poor enrollment
NCT02623452,Others
NCT02623465,Others
NCT02623478,Others
NCT02624479,Others
NCT02627430,Others
NCT02628535,Others
NCT02628847,poor enrollment
NCT02629549,poor enrollment
NCT02630043,poor enrollment
NCT02630251,Others
NCT02630420,Others
NCT02630927,Others
NCT02631252,poor enrollment
NCT02631473,Others
NCT02633657,poor enrollment
NCT02635074,safety
NCT02639767,poor enrollment
NCT02640833,Others
NCT02641002,Others
NCT02644278,Others
NCT02647190,Others
NCT02647983,poor enrollment
NCT02649270,Others
NCT02649673,Others
NCT02650635,Others
NCT02651727,Others
NCT02653612,poor enrollment
NCT02657447,Others
NCT02658396,Others
NCT02658916,efficacy
NCT02661815,poor enrollment
NCT02663518,Others
NCT02664363,Others
NCT02667535,Others
NCT02667561,Others
NCT02669264,poor enrollment
NCT02671955,Others
NCT02673736,Others
NCT02674555,poor enrollment
NCT02675439,efficacy
NCT02675556,Others
NCT02677246,Others
NCT02678143,Others
NCT02679131,safety
NCT02679339,poor enrollment
NCT02680717,Others
NCT02680782,Others
NCT02680951,poor enrollment
NCT02683148,Others
NCT02683395,Others
NCT02684617,Others
NCT02684786,Others
NCT02686008,Others
NCT02686281,Others
NCT02687009,poor enrollment
NCT02687191,safety
NCT02687230,Others
NCT02687386,Others
NCT02689401,safety
NCT02689726,efficacy
NCT02696291,Others
NCT02698189,efficacy
NCT02698293,Others
NCT02700022,Others
NCT02702141,Others
NCT02702492,Others
NCT02702700,Others
NCT02703571,Others
NCT02706392,poor enrollment
NCT02706405,poor enrollment
NCT02707328,Others
NCT02707900,Others
NCT02711345,efficacy
NCT02711462,safety
NCT02712944,Others
NCT02714374,Others
NCT02716597,poor enrollment
NCT02716805,Others
NCT02722135,Others
NCT02722512,efficacy
NCT02722954,Others
NCT02726334,Others
NCT02728700,poor enrollment
NCT02733848,Others
NCT02734615,Others
NCT02735694,efficacy
NCT02741362,Others
NCT02744820,Others
NCT02745756,poor enrollment
NCT02749708,Others
NCT02750254,poor enrollment
NCT02750384,Others
NCT02751385,poor enrollment
NCT02753218,safety
NCT02757248,Others
NCT02761694,Others
NCT02762331,efficacy
NCT02762617,safety
NCT02764151,Others
NCT02767921,poor enrollment
NCT02769065,Others
NCT02771249,safety
NCT02778477,efficacy
NCT02780011,Others
NCT02780128,poor enrollment
NCT02780830,poor enrollment
NCT02781467,Others
NCT02782182,poor enrollment
NCT02782403,poor enrollment
NCT02783547,efficacy
NCT02784483,Others
NCT02784834,Others
NCT02787928,Others
NCT02791529,efficacy
NCT02791919,Others
NCT02792153,poor enrollment
NCT02795819,Others
NCT02797522,Others
NCT02800889,poor enrollment
NCT02801097,poor enrollment
NCT02807961,Others
NCT02808052,Others
NCT02809690,poor enrollment
NCT02813902,Others
NCT02816437,safety
NCT02817113,Others
NCT02817516,Others
NCT02818023,poor enrollment
NCT02819752,Others
NCT02819804,Others
NCT02819999,Others
NCT02820155,Others
NCT02823106,Others
NCT02824575,Others
NCT02826018,Others
NCT02826525,Others
NCT02826642,Others
NCT02829372,Others
NCT02831179,Others
NCT02833506,Others
NCT02833701,Others
NCT02834247,efficacy
NCT02837991,Others
NCT02838745,Others
NCT02839694,Others
NCT02840214,Others
NCT02841540,efficacy
NCT02844647,poor enrollment
NCT02845414,Others
NCT02846883,poor enrollment
NCT02847949,Others
NCT02848248,Others
NCT02848911,Others
NCT02856152,Others
NCT02862431,Others
NCT02862535,Others
NCT02863913,Others
NCT02864264,safety
NCT02864290,efficacy
NCT02864628,Others
NCT02866916,Others
NCT02867332,Others
NCT02868632,poor enrollment
NCT02872428,Others
NCT02873650,poor enrollment
NCT02875093,Others
NCT02875678,poor enrollment
NCT02880345,poor enrollment
NCT02880410,poor enrollment
NCT02882321,efficacy
NCT02883426,Others
NCT02884726,Others
NCT02890381,efficacy
NCT02892071,Others
NCT02892097,Others
NCT02893826,Others
NCT02893982,poor enrollment
NCT02894515,efficacy
NCT02905253,poor enrollment
NCT02905994,Others
NCT02907294,Others
NCT02908126,Others
NCT02909972,Others
NCT02910843,Others
NCT02911480,Others
NCT02912026,Others
NCT02914327,poor enrollment
NCT02914938,Others
NCT02915666,poor enrollment
NCT02918266,Others
NCT02919449,poor enrollment
NCT02920424,safety
NCT02922816,Others
NCT02931110,Others
NCT02933073,poor enrollment
NCT02933944,Others
NCT02936206,poor enrollment
NCT02939846,Others
NCT02939859,Others
NCT02940509,poor enrollment
NCT02943317,efficacy
NCT02945644,Others
NCT02947152,safety
NCT02948127,Others
NCT02948426,poor enrollment
NCT02951117,poor enrollment
NCT02951377,poor enrollment
NCT02951845,Others
NCT02952729,Others
NCT02952989,efficacy
NCT02953496,Others
NCT02954653,Others
NCT02954796,Others
NCT02957032,poor enrollment
NCT02961283,Others
NCT02963051,efficacy
NCT02964507,efficacy
NCT02966171,safety
NCT02968121,Others
NCT02968680,poor enrollment
NCT02973399,poor enrollment
NCT02978235,safety
NCT02979392,Others
NCT02980757,poor enrollment
NCT02981082,poor enrollment
NCT02984813,Others
NCT02985554,poor enrollment
NCT02985632,Others
NCT02987504,Others
NCT02991196,Others
NCT02991417,Others
NCT02991651,Others
NCT02992977,Others
NCT02993991,safety
NCT02994433,poor enrollment
NCT02994771,efficacy
NCT02998047,poor enrollment
NCT02999100,Others
NCT03000686,efficacy
NCT03010046,efficacy
NCT03010995,Others
NCT03011645,poor enrollment
NCT03013855,poor enrollment
NCT03014219,poor enrollment
NCT03014297,Others
NCT03014323,Others
NCT03020784,safety
NCT03023527,safety
NCT03027973,Others
NCT03028571,poor enrollment
NCT03029871,poor enrollment
NCT03031145,Others
NCT03031691,safety
NCT03032211,Others
NCT03032536,Others
NCT03035253,Others
NCT03035734,Others
NCT03038828,poor enrollment
NCT03038971,Others
NCT03041285,poor enrollment
NCT03043989,poor enrollment
NCT03044379,safety
NCT03047200,poor enrollment
NCT03050450,poor enrollment
NCT03051035,Others
NCT03051711,Others
NCT03052972,poor enrollment
NCT03054038,poor enrollment
NCT03054207,poor enrollment
NCT03056378,poor enrollment
NCT03057990,poor enrollment
NCT03058068,Others
NCT03058822,Others
NCT03059147,poor enrollment
NCT03059511,safety
NCT03059563,Others
NCT03061838,Others
NCT03064854,poor enrollment
NCT03065959,efficacy
NCT03066115,Others
NCT03067363,Others
NCT03068832,Others
NCT03069768,Others
NCT03069911,poor enrollment
NCT03069989,Others
NCT03074825,efficacy
NCT03076372,safety
NCT03077477,Others
NCT03082300,poor enrollment
NCT03087097,Others
NCT03087448,poor enrollment
NCT03091998,Others
NCT03092635,Others
NCT03093090,Others
NCT03095547,Others
NCT03096340,Others
NCT03097796,Others
NCT03098680,poor enrollment
NCT03099161,efficacy
NCT03104725,poor enrollment
NCT03106571,Others
NCT03106610,poor enrollment
NCT03110354,poor enrollment
NCT03110445,poor enrollment
NCT03110549,Others
NCT03110588,Others
NCT03110952,Others
NCT03116971,poor enrollment
NCT03117530,Others
NCT03118479,Others
NCT03118661,poor enrollment
NCT03119077,efficacy
NCT03119428,Others
NCT03119467,safety
NCT03120130,Others
NCT03121989,Others
NCT03122106,Others
NCT03122678,poor enrollment
NCT03125187,Others
NCT03125876,Others
NCT03126097,safety
NCT03126864,Others
NCT03128619,poor enrollment
NCT03129776,poor enrollment
NCT03131700,Others
NCT03132324,Others
NCT03132584,poor enrollment
NCT03134638,Others
NCT03137017,Others
NCT03137030,Others
NCT03137199,Others
NCT03137758,Others
NCT03138408,Others
NCT03139370,Others
NCT03139500,safety
NCT03143543,safety
NCT03144466,poor enrollment
NCT03144661,Others
NCT03145909,safety
NCT03145948,safety
NCT03148119,Others
NCT03151057,safety
NCT03156127,Others
NCT03160339,Others
NCT03161457,Others
NCT03162562,Others
NCT03166254,Others
NCT03166631,safety
NCT03166787,Others
NCT03168438,Others
NCT03169894,Others
NCT03176264,Others
NCT03177252,Others
NCT03179501,poor enrollment
NCT03180762,safety
NCT03181087,poor enrollment
NCT03182257,safety
NCT03186417,Others
NCT03186456,Others
NCT03188328,poor enrollment
NCT03189030,Others
NCT03189186,poor enrollment
NCT03195088,Others
NCT03195387,Others
NCT03196401,Others
NCT03197025,Others
NCT03198143,Others
NCT03199040,Others
NCT03200080,safety
NCT03201159,Others
NCT03201978,poor enrollment
NCT03203304,poor enrollment
NCT03203369,Others
NCT03206463,Others
NCT03209869,Others
NCT03216876,Others
NCT03217838,Others
NCT03218683,Others
NCT03220399,Others
NCT03220867,Others
NCT03225105,Others
NCT03231475,Others
NCT03237572,poor enrollment
NCT03238651,Others
NCT03239470,Others
NCT03240822,Others
NCT03240861,poor enrollment
NCT03241147,efficacy
NCT03241446,Others
NCT03242434,Others
NCT03243760,Others
NCT03245619,safety
NCT03246113,poor enrollment
NCT03246399,Others
NCT03246854,Others
NCT03248479,efficacy
NCT03253185,safety
NCT03253471,Others
NCT03254732,Others
NCT03255083,Others
NCT03255889,Others
NCT03256331,Others
NCT03257592,Others
NCT03260504,Others
NCT03265080,Others
NCT03266692,Others
NCT03267940,Others
NCT03268278,Others
NCT03269409,Others
NCT03270709,Others
NCT03271814,poor enrollment
NCT03272464,poor enrollment
NCT03275597,poor enrollment
NCT03275740,Others
NCT03275792,Others
NCT03276728,safety
NCT03277209,poor enrollment
NCT03277482,Others
NCT03277755,Others
NCT03281122,Others
NCT03283046,Others
NCT03283631,poor enrollment
NCT03286062,poor enrollment
NCT03287908,Others
NCT03291158,Others
NCT03292536,poor enrollment
NCT03294694,safety
NCT03295266,Others
NCT03295942,Others
NCT03300921,Others
NCT03301896,Others
NCT03306420,efficacy
NCT03307993,Others
NCT03309358,Others
NCT03310320,safety
NCT03316898,Others
NCT03318861,efficacy
NCT03320525,Others
NCT03320642,Others
NCT03321747,Others
NCT03326921,Others
NCT03329547,Others
NCT03330834,safety
NCT03332355,Others
NCT03332589,Others
NCT03332836,Others
NCT03333694,poor enrollment
NCT03335020,Others
NCT03336580,Others
NCT03338881,Others
NCT03341676,Others
NCT03343613,Others
NCT03343678,Others
NCT03345797,poor enrollment
NCT03346083,Others
NCT03347994,Others
NCT03349255,efficacy
NCT03349346,safety
NCT03358407,safety
NCT03358706,Others
NCT03359733,Others
NCT03360006,Others
NCT03362593,Others
NCT03368560,Others
NCT03369964,Others
NCT03370198,Others
NCT03373305,Others
NCT03375606,Others
NCT03379493,Others
NCT03379584,efficacy
NCT03380689,Others
NCT03381144,Others
NCT03381729,Others
NCT03382886,poor enrollment
NCT03385057,Others
NCT03390647,Others
NCT03392064,poor enrollment
NCT03394937,Others
NCT03395873,Others
NCT03396861,poor enrollment
NCT03398252,Others
NCT03399435,efficacy
NCT03399578,Others
NCT03400176,Others
NCT03400306,Others
NCT03403725,Others
NCT03410420,Others
NCT03410927,safety
NCT03411421,Others
NCT03414008,Others
NCT03414450,Others
NCT03414788,poor enrollment
NCT03416816,Others
NCT03417401,Others
NCT03417492,Others
NCT03417830,safety
NCT03418532,Others
NCT03418805,Others
NCT03422094,Others
NCT03427073,poor enrollment
NCT03429101,safety
NCT03430687,Others
NCT03432741,Others
NCT03433833,Others
NCT03435250,Others
NCT03436056,Others
NCT03436732,safety
NCT03444753,Others
NCT03445663,Others
NCT03445780,poor enrollment
NCT03448211,Others
NCT03455556,poor enrollment
NCT03461458,Others
NCT03462004,Others
NCT03465345,Others
NCT03465540,Others
NCT03468777,Others
NCT03471286,poor enrollment
NCT03471351,Others
NCT03477864,poor enrollment
NCT03478904,Others
NCT03478956,efficacy
NCT03483077,Others
NCT03483883,poor enrollment
NCT03484520,Others
NCT03490162,safety
NCT03490838,Others
NCT03491579,Others
NCT03494114,Others
NCT03494231,efficacy
NCT03496519,Others
NCT03497715,Others
NCT03498222,Others
NCT03499041,efficacy
NCT03499119,Others
NCT03501069,Others
NCT03502577,poor enrollment
NCT03502681,Others
NCT03502954,Others
NCT03505060,Others
NCT03506802,poor enrollment
NCT03508479,Others
NCT03509584,safety
NCT03509870,poor enrollment
NCT03511105,efficacy
NCT03514407,Others
NCT03515200,Others
NCT03515824,Others
NCT03516760,Others
NCT03518320,Others
NCT03519984,Others
NCT03525392,safety
NCT03536026,poor enrollment
NCT03539484,efficacy
NCT03546335,Others
NCT03548064,Others
NCT03549000,efficacy
NCT03552029,Others
NCT03552796,Others
NCT03558724,Others
NCT03558750,poor enrollment
NCT03560908,poor enrollment
NCT03565315,safety
NCT03567499,Others
NCT03567694,Others
NCT03571204,Others
NCT03571594,Others
NCT03573986,poor enrollment
NCT03575234,Others
NCT03579472,Others
NCT03579888,Others
NCT03580694,Others
NCT03582033,Others
NCT03588936,Others
NCT03590860,safety
NCT03591744,Others
NCT03593109,poor enrollment
NCT03594331,Others
NCT03597282,Others
NCT03597971,Others
NCT03601819,poor enrollment
NCT03602872,Others
NCT03605238,poor enrollment
NCT03605589,poor enrollment
NCT03606655,Others
NCT03607955,Others
NCT03611764,poor enrollment
NCT03612466,poor enrollment
NCT03612739,Others
NCT03617224,poor enrollment
NCT03621605,safety
NCT03621982,efficacy
NCT03624790,Others
NCT03629015,Others
NCT03630029,Others
NCT03635879,Others
NCT03639324,poor enrollment
NCT03644459,poor enrollment
NCT03645408,Others
NCT03646188,Others
NCT03652233,poor enrollment
NCT03656289,Others
NCT03657420,Others
NCT03658135,Others
NCT03661424,poor enrollment
NCT03666988,safety
NCT03668405,efficacy
NCT03670888,Others
NCT03674502,Others
NCT03677310,Others
NCT03677960,safety
NCT03680560,Others
NCT03682497,Others
NCT03682744,poor enrollment
NCT03685591,poor enrollment
NCT03689829,efficacy
NCT03690154,safety
NCT03693391,Others
NCT03696537,safety
NCT03698045,Others
NCT03700294,Others
NCT03701711,safety
NCT03704298,Others
NCT03705169,poor enrollment
NCT03705858,Others
NCT03706274,Others
NCT03707418,Others
NCT03707457,Others
NCT03710915,Others
NCT03711422,poor enrollment
NCT03713801,Others
NCT03714334,Others
NCT03716570,efficacy
NCT03717558,Others
NCT03718507,poor enrollment
NCT03721211,Others
NCT03722186,Others
NCT03726333,poor enrollment
NCT03730077,Others
NCT03730948,poor enrollment
NCT03735290,Others
NCT03735446,Others
NCT03738111,Others
NCT03739138,Others
NCT03747718,Others
NCT03747926,Others
NCT03748173,Others
NCT03749733,Others
NCT03751969,Others
NCT03752138,Others
NCT03752177,safety
NCT03754244,poor enrollment
NCT03757351,safety
NCT03759184,Others
NCT03760614,Others
NCT03761069,Others
NCT03768219,Others
NCT03769688,Others
NCT03771885,Others
NCT03772288,Others
NCT03773328,Others
NCT03773744,Others
NCT03778073,Others
NCT03780465,Others
NCT03780725,Others
NCT03787082,Others
NCT03790852,Others
NCT03793686,poor enrollment
NCT03795350,Others
NCT03797261,safety
NCT03802227,Others
NCT03802747,Others
NCT03803163,safety
NCT03803774,Others
NCT03805360,poor enrollment
NCT03806985,poor enrollment
NCT03807063,Others
NCT03807856,poor enrollment
NCT03809039,Others
NCT03818165,poor enrollment
NCT03818542,Others
NCT03819699,efficacy
NCT03822715,poor enrollment
NCT03824327,Others
NCT03825783,poor enrollment
NCT03829930,Others
NCT03832517,safety
NCT03833063,Others
NCT03834584,Others
NCT03834909,Others
NCT03835611,poor enrollment
NCT03836053,Others
NCT03846466,safety
NCT03848403,Others
NCT03852576,Others
NCT03857841,Others
NCT03859752,Others
NCT03861403,safety
NCT03862846,Others
NCT03863587,Others
NCT03864419,poor enrollment
NCT03865563,Others
NCT03871855,Others
NCT03874234,Others
NCT03876028,Others
NCT03878654,Others
NCT03878719,poor enrollment
NCT03880123,poor enrollment
NCT03880487,Others
NCT03884517,safety
NCT03884972,poor enrollment
NCT03886649,Others
NCT03891420,Others
NCT03892018,Others
NCT03892161,safety
NCT03892525,Others
NCT03894345,Others
NCT03904251,poor enrollment
NCT03905564,Others
NCT03906643,Others
NCT03907202,efficacy
NCT03909750,Others
NCT03912831,Others
NCT03915405,Others
NCT03915886,Others
NCT03920631,poor enrollment
NCT03920839,Others
NCT03922477,Others
NCT03924102,poor enrollment
NCT03924245,Others
NCT03925428,Others
NCT03927573,Others
NCT03927625,Others
NCT03928314,Others
NCT03933865,Others
NCT03935815,Others
NCT03938857,Others
NCT03938922,Others
NCT03939364,Others
NCT03943550,efficacy
NCT03944902,Others
NCT03946462,Others
NCT03947814,Others
NCT03949530,Others
NCT03954704,safety
NCT03956056,Others
NCT03957096,Others
NCT03958630,Others
NCT03963024,poor enrollment
NCT03963414,poor enrollment
NCT03963973,Others
NCT03967093,Others
NCT03970382,Others
NCT03971734,Others
NCT03971825,efficacy
NCT03976050,Others
NCT03977675,Others
NCT03978156,Others
NCT03978494,Others
NCT03979820,Others
NCT03982004,Others
NCT03982121,Others
NCT03984812,efficacy
NCT03990597,Others
NCT03992326,Others
NCT03995550,Others
NCT03996473,poor enrollment
NCT03996486,Others
NCT03998033,Others
NCT03998423,safety
NCT03998592,Others
NCT04000282,Others
NCT04001231,Others
NCT04001998,Others
NCT04002310,safety
NCT04002804,Others
NCT04005144,poor enrollment
NCT04006652,Others
NCT04009460,Others
NCT04011098,poor enrollment
NCT04013217,Others
NCT04014361,Others
NCT04014712,Others
NCT04017208,Others
NCT04021017,Others
NCT04022876,safety
NCT04023071,Others
NCT04025216,safety
NCT04025307,Others
NCT04026750,poor enrollment
NCT04029922,Others
NCT04032717,Others
NCT04037865,Others
NCT04039919,safety
NCT04041674,Others
NCT04042051,poor enrollment
NCT04042480,Others
NCT04043845,Others
NCT04044430,Others
NCT04045028,poor enrollment
NCT04046887,Others
NCT04047771,Others
NCT04049578,safety
NCT04049617,Others
NCT04050358,Others
NCT04051801,Others
NCT04052061,Others
NCT04053062,efficacy
NCT04054115,Others
NCT04054752,poor enrollment
NCT04055168,Others
NCT04060147,poor enrollment
NCT04068259,safety
NCT04070781,poor enrollment
NCT04073147,poor enrollment
NCT04073160,poor enrollment
NCT04073472,Others
NCT04075721,poor enrollment
NCT04077021,Others
NCT04081597,Others
NCT04082481,poor enrollment
NCT04082741,Others
NCT04082858,Others
NCT04088903,Others
NCT04089163,Others
NCT04091737,safety
NCT04094766,Others
NCT04096716,Others
NCT04099277,Others
NCT04106050,Others
NCT04108377,Others
NCT04109092,Others
NCT04110496,Others
NCT04111445,Others
NCT04114656,efficacy
NCT04115956,Others
NCT04116203,Others
NCT04117607,safety
NCT04117958,Others
NCT04120064,Others
NCT04125719,Others
NCT04126044,poor enrollment
NCT04127695,Others
NCT04128020,Others
NCT04128293,Others
NCT04131517,safety
NCT04131556,Others
NCT04134143,Others
NCT04135352,Others
NCT04136444,safety
NCT04139993,poor enrollment
NCT04141423,Others
NCT04142619,Others
NCT04149145,Others
NCT04152382,safety
NCT04155580,Others
NCT04156828,poor enrollment
NCT04158349,Others
NCT04162301,Others
NCT04163094,poor enrollment
NCT04168320,poor enrollment
NCT04171141,safety
NCT04171843,efficacy
NCT04173325,Others
NCT04173611,Others
NCT04175132,efficacy
NCT04176016,Others
NCT04176653,Others
NCT04176913,Others
NCT04178460,Others
NCT04178902,Others
NCT04181255,Others
NCT04184882,Others
NCT04186637,Others
NCT04187872,Others
NCT04193904,Others
NCT04195373,poor enrollment
NCT04196010,Others
NCT04199351,safety
NCT04199585,safety
NCT04199598,Others
NCT04200066,Others
NCT04202497,Others
NCT04203017,Others
NCT04203875,poor enrollment
NCT04205071,Others
NCT04205539,Others
NCT04205890,Others
NCT04209179,safety
NCT04211415,Others
NCT04217057,Others
NCT04219319,Others
NCT04222309,Others
NCT04222842,Others
NCT04222985,Others
NCT04227938,Others
NCT04230122,safety
NCT04232839,Others
NCT04233697,Others
NCT04234867,poor enrollment
NCT04236453,Others
NCT04240158,Others
NCT04242147,Others
NCT04244552,Others
NCT04245722,Others
NCT04250597,Others
NCT04252248,Others
NCT04252417,efficacy
NCT04252430,efficacy
NCT04252768,Others
NCT04253223,poor enrollment
NCT04254107,Others
NCT04255862,Others
NCT04256655,Others
NCT04260191,Others
NCT04260360,Others
NCT04260776,Others
NCT04261439,Others
NCT04262791,Others
NCT04267276,Others
NCT04270461,Others
NCT04270929,poor enrollment
NCT04272203,Others
NCT04272775,Others
NCT04274907,Others
NCT04274933,Others
NCT04279938,safety
NCT04283136,safety
NCT04289558,Others
NCT04296942,poor enrollment
NCT04301310,Others
NCT04304781,safety
NCT04308954,poor enrollment
NCT04311619,Others
NCT04311710,Others
NCT04312282,Others
NCT04314713,safety
NCT04314843,Others
NCT04314856,Others
NCT04315155,Others
NCT04315961,poor enrollment
NCT04316598,Others
NCT04320771,Others
NCT04322227,efficacy
NCT04322253,Others
NCT04323124,safety
NCT04327011,Others
NCT04328714,Others
NCT04329806,Others
NCT04332523,safety
NCT04332549,Others
NCT04333654,poor enrollment
NCT04338997,Others
NCT04341311,Others
NCT04348292,poor enrollment
NCT04349930,Others
NCT04361058,poor enrollment
NCT04361214,Others
NCT04369547,Others
NCT04371640,Others
NCT04372641,Others
NCT04373252,Others
NCT04381325,Others
NCT04386811,Others
NCT04388761,poor enrollment
NCT04391868,Others
NCT04392648,Others
NCT04393597,Others
NCT04395716,Others
NCT04395950,poor enrollment
NCT04401410,Others
NCT04402723,Others
NCT04404140,poor enrollment
NCT04404790,Others
NCT04406857,poor enrollment
NCT04411134,efficacy
NCT04411602,poor enrollment
NCT04418167,Others
NCT04418297,efficacy
NCT04419688,poor enrollment
NCT04426357,Others
NCT04427774,Others
NCT04429685,Others
NCT04443192,efficacy
NCT04444466,Others
NCT04446000,efficacy
NCT04452006,Others
NCT04457960,Others
NCT04460105,poor enrollment
NCT04464148,Others
NCT04464460,Others
NCT04464577,Others
NCT04464889,Others
NCT04466410,poor enrollment
NCT04466475,Others
NCT04467853,Others
NCT04473651,Others
NCT04473950,Others
NCT04474210,Others
NCT04475198,Others
NCT04478994,poor enrollment
NCT04479371,Others
NCT04480190,poor enrollment
NCT04480879,safety
NCT04485065,Others
NCT04485663,efficacy
NCT04490096,Others
NCT04496999,poor enrollment
NCT04497870,Others
NCT04497948,Others
NCT04498325,Others
NCT04498520,Others
NCT04500548,poor enrollment
NCT04501796,poor enrollment
NCT04502706,Others
NCT04502888,Others
NCT04506983,Others
NCT04508842,Others
NCT04510415,Others
NCT04511975,Others
NCT04513067,Others
NCT04513548,Others
NCT04515953,Others
NCT04521335,Others
NCT04521946,poor enrollment
NCT04524195,Others
NCT04525352,poor enrollment
NCT04526717,Others
NCT04526912,efficacy
NCT04528199,Others
NCT04535817,Others
NCT04539366,Others
NCT04540874,Others
NCT04541225,Others
NCT04541485,poor enrollment
NCT04541550,Others
NCT04542681,Others
NCT04544995,poor enrollment
NCT04545008,poor enrollment
NCT04551885,Others
NCT04552262,Others
NCT04556266,poor enrollment
NCT04556721,poor enrollment
NCT04557384,safety
NCT04561076,Others
NCT04562298,Others
NCT04566926,Others
NCT04569786,efficacy
NCT04574869,poor enrollment
NCT04585724,poor enrollment
NCT04586920,safety
NCT04589260,Others
NCT04590274,Others
NCT04594031,Others
NCT04594681,Others
NCT04596033,Others
NCT04596267,Others
NCT04598321,Others
NCT04601285,Others
NCT04602117,Others
NCT04605614,poor enrollment
NCT04608812,Others
NCT04609943,Others
NCT04611139,Others
NCT04614051,poor enrollment
NCT04614636,Others
NCT04615845,poor enrollment
NCT04616079,Others
NCT04616105,Others
NCT04618263,efficacy
NCT04622072,Others
NCT04627142,Others
NCT04628780,Others
NCT04632199,Others
NCT04634344,Others
NCT04635527,Others
NCT04635683,Others
NCT04637009,Others
NCT04638309,Others
NCT04639843,safety
NCT04649710,Others
NCT04650451,safety
NCT04653038,Others
NCT04655599,Others
NCT04659122,Others
NCT04674748,Others
NCT04675996,Others
NCT04677829,Others
NCT04679194,Others
NCT04684108,Others
NCT04684654,poor enrollment
NCT04685421,Others
NCT04700267,Others
NCT04700787,poor enrollment
NCT04704843,Others
NCT04712006,Others
NCT04729088,Others
NCT04729205,Others
NCT04729725,safety
NCT04730505,Others
NCT04730804,Others
NCT04736745,Others
NCT04737122,efficacy
NCT04737161,Others
NCT04741542,Others
NCT04741984,Others
NCT04746131,safety
NCT04746612,Others
NCT04747470,Others
NCT04748848,Others
NCT04749433,Others
NCT04751383,safety
NCT04752371,Others
NCT04756505,Others
NCT04759365,poor enrollment
NCT04759846,poor enrollment
NCT04761887,Others
NCT04762186,poor enrollment
NCT04762225,Others
NCT04762511,Others
NCT04762901,Others
NCT04764851,poor enrollment
NCT04766476,Others
NCT04770246,poor enrollment
NCT04771143,poor enrollment
NCT04775797,safety
NCT04782609,Others
NCT04782661,poor enrollment
NCT04786392,Others
NCT04793620,Others
NCT04799431,Others
NCT04801056,poor enrollment
NCT04802538,poor enrollment
NCT04803227,poor enrollment
NCT04804254,Others
NCT04809805,efficacy
NCT04810208,Others
NCT04811573,Others
NCT04820621,safety
NCT04822298,Others
NCT04827810,Others
NCT04828174,poor enrollment
NCT04830878,Others
NCT04830982,Others
NCT04831502,Others
NCT04832139,safety
NCT04835168,Others
NCT04835389,Others
NCT04835714,Others
NCT04836494,poor enrollment
NCT04836533,Others
NCT04840472,Others
NCT04840615,poor enrollment
NCT04840784,poor enrollment
NCT04840927,Others
NCT04842630,Others
NCT04845321,safety
NCT04849273,safety
NCT04850495,Others
NCT04852367,poor enrollment
NCT04853524,Others
NCT04854044,Others
NCT04855201,efficacy
NCT04855565,Others
NCT04855591,Others
NCT04861948,efficacy
NCT04865159,poor enrollment
NCT04866069,efficacy
NCT04868045,poor enrollment
NCT04870164,poor enrollment
NCT04872608,Others
NCT04877080,Others
NCT04878484,poor enrollment
NCT04879589,poor enrollment
NCT04883138,Others
NCT04885114,Others
NCT04887350,Others
NCT04890548,Others
NCT04891913,Others
NCT04892875,Others
NCT04893018,Others
NCT04893551,Others
NCT04896112,Others
NCT04896632,Others
NCT04905121,poor enrollment
NCT04907968,Others
NCT04912427,poor enrollment
NCT04919096,Others
NCT04920383,Others
NCT04922424,Others
NCT04940949,safety
NCT04941378,Others
NCT04941989,Others
NCT04942054,Others
NCT04942340,Others
NCT04946435,Others
NCT04949425,Others
NCT04950504,poor enrollment
NCT04952584,Others
NCT04956302,Others
NCT04958434,Others
NCT04958967,Others
NCT04959266,Others
NCT04963413,Others
NCT04964050,Others
NCT04965818,Others
NCT04971512,safety
NCT04972253,poor enrollment
NCT04973527,Others
NCT04974359,poor enrollment
NCT04974996,Others
NCT04987944,safety
NCT04990219,Others
NCT04991194,Others
NCT04993443,Others
NCT04994002,Others
NCT04994561,Others
NCT04996030,Others
NCT05001022,safety
NCT05001451,Others
NCT05003921,Others
NCT05007977,poor enrollment
NCT05010096,poor enrollment
NCT05013554,Others
NCT05018793,Others
NCT05018871,Others
NCT05027815,Others
NCT05028114,poor enrollment
NCT05028946,Others
NCT05029609,Others
NCT05035576,Others
NCT05037669,Others
NCT05039710,Others
NCT05039931,poor enrollment
NCT05044325,Others
NCT05052554,poor enrollment
NCT05055050,Others
NCT05061277,poor enrollment
NCT05061537,Others
NCT05063357,Others
NCT05065463,poor enrollment
NCT05067972,Others
NCT05069935,Others
NCT05070104,Others
NCT05071846,Others
NCT05073484,Others
NCT05079451,Others
NCT05082831,poor enrollment
NCT05083078,Others
NCT05084456,Others
NCT05084560,safety
NCT05088967,Others
NCT05092581,Others
NCT05093387,Others
NCT05094934,Others
NCT05098405,safety
NCT05099536,Others
NCT05100628,poor enrollment
NCT05103826,Others
NCT05107856,Others
NCT05109650,Others
NCT05119894,Others
NCT05124795,efficacy
NCT05126329,Others
NCT05127811,Others
NCT05129280,Others
NCT05135650,Others
NCT05138822,Others
NCT05140824,Others
NCT05144334,Others
NCT05144347,Others
NCT05148442,Others
NCT05152212,safety
NCT05152381,Others
NCT05153408,efficacy
NCT05155982,Others
NCT05156034,safety
NCT05156229,safety
NCT05158439,Others
NCT05159128,Others
NCT05160402,Others
NCT05160558,Others
NCT05162131,Others
NCT05167253,Others
NCT05167526,Others
NCT05168748,Others
NCT05170828,Others
NCT05171062,Others
NCT05176691,Others
NCT05177328,poor enrollment
NCT05178654,Others
NCT05182047,Others
NCT05184218,Others
NCT05191862,Others
NCT05193604,Others
NCT05198349,safety
NCT05199142,Others
NCT05203419,Others
NCT05205447,Others
NCT05212116,Others
NCT05220748,poor enrollment
NCT05223699,Others
NCT05233033,Others
NCT05238207,Others
NCT05238324,Others
NCT05242146,Others
NCT05242926,Others
NCT05244473,poor enrollment
NCT05250856,Others
NCT05251376,Others
NCT05252520,Others
NCT05253105,Others
NCT05254613,Others
NCT05256277,Others
NCT05259397,poor enrollment
NCT05259813,Others
NCT05262842,Others
NCT05268497,Others
NCT05272059,Others
NCT05293236,Others
NCT05295927,Others
NCT05298332,Others
NCT05309902,Others
NCT05317013,poor enrollment
NCT05322616,Others
NCT05323110,Others
NCT05323136,Others
NCT05330286,safety
NCT05332483,poor enrollment
NCT05338658,Others
NCT05340426,Others
NCT05349435,Others
NCT05354362,Others
NCT05355077,Others
NCT05363839,efficacy
NCT05366296,Others
NCT05366439,Others
NCT05367661,Others
NCT05367843,Others
NCT05375253,Others
NCT05375825,poor enrollment
NCT05376839,Others
NCT05381935,Others
NCT05382819,Others
NCT05386823,Others
NCT05387668,Others
NCT05388279,Others
NCT05390606,poor enrollment
NCT05393635,Others
NCT05395052,Others
NCT05400122,Others
NCT05401227,poor enrollment
NCT05406219,Others
NCT05407766,Others
NCT05408871,Others
NCT05414734,safety
NCT05420077,Others
NCT05425862,poor enrollment
NCT05429385,Others
NCT05430958,Others
NCT05431582,poor enrollment
NCT05434091,Others
NCT05441930,Others
NCT05451095,Others
NCT05458102,Others
NCT05467761,Others
NCT05469490,Others
NCT05470400,poor enrollment
NCT05470933,safety
NCT05472220,Others
NCT05475821,Others
NCT05481489,Others
NCT05487040,poor enrollment
NCT05489679,Others
NCT05490381,poor enrollment
NCT05505539,Others
NCT05510245,safety
NCT05510843,poor enrollment
NCT05513612,Others
NCT05514717,safety
NCT05517226,safety
NCT05519527,poor enrollment
NCT05531708,Others
NCT05532046,safety
NCT05542095,Others
NCT05562973,Others
NCT05567770,Others
NCT05574166,safety
NCT05589844,Others
NCT05614245,poor enrollment
NCT05622058,poor enrollment
NCT05622591,Others
NCT05633745,Others
NCT05641324,poor enrollment
NCT05644600,Others
NCT05644626,Others
NCT05646459,Others
NCT05650203,Others
NCT05652504,safety
NCT05654779,Others
NCT05655130,poor enrollment
NCT05664100,Others
NCT05668936,safety
NCT05671653,safety
NCT05673109,safety
NCT05676697,efficacy
NCT05687110,Others
NCT05692908,Others
NCT05698888,Others
NCT05700734,Others
NCT05700864,Others
NCT05729139,poor enrollment
NCT05740280,Others
NCT05758818,Others
NCT05760261,Others
NCT05762744,Others
NCT05788328,safety
NCT05791474,Others
NCT05794672,safety
NCT05803928,Others
NCT05813314,safety
NCT05828277,poor enrollment
NCT05832775,Others
NCT05848843,poor enrollment
NCT05860075,efficacy
NCT05867030,Others
NCT05881668,Others
NCT05905341,Others
NCT05908513,Others
NCT05918250,Others
NCT05943990,Others
NCT05961696,poor enrollment
NCT05977556,Others
NCT05980507,Others
NCT05985954,Others
NCT05999708,Others
NCT06009237,Others
NCT06017323,poor enrollment
NCT06020664,poor enrollment
NCT06048705,Others
NCT06124118,poor enrollment
